<?xml version="1.0" encoding="UTF-8"?>
<project-private xmlns="http://www.netbeans.org/ns/project-private/1">
    <editor-bookmarks xmlns="http://www.netbeans.org/ns/editor-bookmarks/2" lastBookmarkId="0"/>
    <open-files xmlns="http://www.netbeans.org/ns/projectui-open-files/2">
        <group>
            <file>file:/C:/Users/dellu/OneDrive/Documents/NetBeansProjects/hallticketmanagementsystem/src/hallticketmanagementsystem/Hallticketmanagementsystem.java</file>
            <file>file:/C:/Users/dellu/OneDrive/Documents/NetBeansProjects/hallticketmanagementsystem/src/hallticketmanagementsystem/studentPerformance.java</file>
            <file>file:/C:/Users/dellu/OneDrive/Documents/NetBeansProjects/hallticketmanagementsystem/src/hallticketmanagementsystem/TeachersUpdate2.java</file>
            <file>file:/C:/Users/dellu/OneDrive/Documents/NetBeansProjects/hallticketmanagementsystem/src/hallticketmanagementsystem/ADDSTUDENT.java</file>
            <file>file:/C:/Users/dellu/OneDrive/Documents/NetBeansProjects/hallticketmanagementsystem/src/hallticketmanagementsystem/StudentLogin.java</file>
            <file>file:/C:/Users/dellu/OneDrive/Documents/NetBeansProjects/hallticketmanagementsystem/src/hallticketmanagementsystem/Studentifnoteligible.java</file>
            <file>file:/C:/Users/dellu/OneDrive/Documents/NetBeansProjects/hallticketmanagementsystem/src/hallticketmanagementsystem/TeachersUpdate1.java</file>
            <file>file:/C:/Users/dellu/OneDrive/Documents/NetBeansProjects/hallticketmanagementsystem/src/project/ConnectionProvider.java</file>
            <file>file:/C:/Users/dellu/OneDrive/Documents/NetBeansProjects/hallticketmanagementsystem/src/hallticketmanagementsystem/ADDSTUDENTS1.java</file>
            <file>file:/C:/Users/dellu/OneDrive/Documents/NetBeansProjects/hallticketmanagementsystem/src/hallticketmanagementsystem/ADDSUBJECT.java</file>
            <file>file:/C:/Users/dellu/OneDrive/Documents/NetBeansProjects/hallticketmanagementsystem/src/hallticketmanagementsystem/Studentifeligible.java</file>
            <file>file:/C:/Users/dellu/OneDrive/Documents/NetBeansProjects/hallticketmanagementsystem/src/hallticketmanagementsystem/addteacher.java</file>
            <file>file:/C:/Users/dellu/OneDrive/Documents/NetBeansProjects/hallticketmanagementsystem/src/hallticketmanagementsystem/ADMINLOGIN.java</file>
            <file>file:/C:/Users/dellu/OneDrive/Documents/NetBeansProjects/hallticketmanagementsystem/src/hallticketmanagementsystem/TEACHERSLOGIN.java</file>
            <file>file:/C:/Users/dellu/OneDrive/Documents/NetBeansProjects/hallticketmanagementsystem/src/hallticketmanagementsystem/TeachersRegistration.java</file>
            <file>file:/C:/Users/dellu/OneDrive/Documents/NetBeansProjects/hallticketmanagementsystem/src/hallticketmanagementsystem/teacherspage.java</file>
            <file>file:/C:/Users/dellu/OneDrive/Documents/NetBeansProjects/hallticketmanagementsystem/src/hallticketmanagementsystem/Homepage.java</file>
            <file>file:/C:/Users/dellu/OneDrive/Documents/NetBeansProjects/hallticketmanagementsystem/src/hallticketmanagementsystem/ADMINPANEL.java</file>
        </group>
    </open-files>
</project-private>
